"Id","Name"
"D9AB4526-84CA-A0FA-86D7-5BEA48630AB4","Spacegenix"
"13DAEEF7-1290-3367-5903-A8CE66077B59","Spacelux"
"94E38B4A-8915-8791-0A95-EB9AFAA72A9F","Space Odyssey"
"24B08F4A-67C8-72D7-A102-A5BAEE171CD6","Explore Origin"
"124FF4AE-0A00-0042-897D-CF25EC9E386C","SpaceX"
"30B65028-4156-3DEC-5945-79286A0F5F03","Space Piper"
"5D04A0FA-358A-93C5-3348-2A80F02926AD","Galaxy Express"
"AB703C07-8320-5787-6807-B819BD73A232","Travel Nova"
"FFF0BB13-7E1F-7E66-7672-9DFE5F7060E6","Explore Dynamite"
"61395DA6-3CC7-6969-0E3F-15569BE4966A","Space Voyager"
